"0","library(tidyverse)
"
"2","── Attaching packages ──────────────────────────────────────────────────────────────────────────────────────────────────────────────────────────── tidyverse 1.2.1 ──
"
"2","✔ tibble  2.1.1       ✔ purrr   0.3.2  
✔ tidyr   0.8.3       ✔ dplyr   0.8.0.1
✔ readr   1.3.1       ✔ stringr 1.4.0  
✔ tibble  2.1.1       ✔ forcats 0.4.0  
"
"2","── Conflicts ─────────────────────────────────────────────────────────────────────────────────────────────────────────────────────────────── tidyverse_conflicts() ──
✖ dplyr::filter() masks stats::filter()
✖ dplyr::lag()    masks stats::lag()
"
"0","library(tidyverse)"
"0","library(modelr) # devtools::install_github(""hadley/modelr"")"
"2","
Attaching package: ‘modelr’

"
"2","The following object is masked from ‘package:broom’:

    bootstrap

"
